Site,Mesure1,Mesure2,Mesure3,Moyenne_mg_L,Moyenne_mol_L,État
1,4.3,4.5,4.2,4.333333333333333,6.989247311827957e-05,Bonne qualité
2,5.1,5.2,5.0,5.1000000000000005,8.225806451612904e-05,À surveiller
3,4.8,4.7,4.9,4.8,7.741935483870968e-05,Bonne qualité
4,5.0,5.1,5.2,5.1000000000000005,8.225806451612904e-05,À surveiller
5,5.3,5.5,5.4,5.400000000000001,8.70967741935484e-05,À surveiller
