Temps (s),Distance (m)
0.2,0.09800000000000003
0.4,0.3920000000000001
0.6000000000000001,0.8820000000000003
0.8,1.5680000000000005
1.0,2.45
1.2,3.528
1.4000000000000001,4.802000000000001
1.6,6.272000000000002
1.8,7.9380000000000015
2.0,9.8
